Title,Link,Rank,Year,UsersRated,AveRating,Baverage,StdDev,AveWeight,NumWeights,NumPlays,NumAwards,PCountRecomm_min,PCountRecomm_max,PCountBest_min,PCountBest_max,PCount_votes,MinPlayTime,MaxPlayTime,Mechanics,GameCategory_1,RankCategory_1,ScoreCategory_1,AmazonPrice,GameCategory_2,RankCategory_2,ScoreCategory_2,GameCategory_3,RankCategory_3,ScoreCategory_3
Codenames ,https://boardgamegeek.com/boardgame/178900/codenames,140,2015,92578,7.54091,7.44745,1.30258,1.261,2326,585994,45,4.0,8.0,6.0,6.0,1288,15,15,"Communication Limits
Memory
Push Your Luck
Team-Based Game
",Party,5.0,7.46486,19.94,,,,,,
Sushi Go Party! ,https://boardgamegeek.com/boardgame/192291/sushi-go-party,260,2016,35302,7.3919,7.23838,1.15463,1.3051,649,143455,8,2.0,8.0,4.0,5.0,325,20,20,"Closed Drafting
End Game Bonuses
Hand Management
Set Collection
Simultaneous Action Selection
Variable Set-up
",Family,61.0,7.25659,21.99,,,,,,
Camel Up (Second Edition) ,https://boardgamegeek.com/boardgame/260605/camel-up-second-edition,261,2018,13077,7.57282,7.23798,1.17643,1.4926,272,46023,3,3.0,8.0,5.0,6.0,176,30,45,"Betting and Bluffing
Dice Rolling
Roll / Spin and Move
Track Movement
",Party,9.0,7.35662,31.98,Family,50.0,7.30692,,,
Monikers ,https://boardgamegeek.com/boardgame/156546/monikers,291,2015,6305,7.78428,7.19004,1.4477,1.0769,78,21236,1,4.0,12.0,6.0,6.0,45,30,60,"Acting
Communication Limits
Open Drafting
Role Playing
Singing
Team-Based Game
",Party,4.0,7.47468,31.02,,,,,,
Dixit: Odyssey ,https://boardgamegeek.com/boardgame/92828/dixit-odyssey,309,2011,21215,7.39711,7.17271,1.34644,1.1659,633,43341,7,4.0,12.0,6.0,6.0,223,30,30,"Storytelling
Targeted Clues
Voting
",Party,16.0,7.24291,,,,,,,
For Sale ,https://boardgamegeek.com/boardgame/172/for-sale,335,1997,31194,7.25737,7.13281,1.1612,1.2513,1735,201358,2,3.0,6.0,5.0,5.0,449,30,30,"Auction: Sealed Bid
Auction: Turn Order Until Pass
Auction/Bidding
Hand Management
Selection Order Bid
",Family,78.0,7.16452,25.96,,,,,,
Dixit ,https://boardgamegeek.com/boardgame/39856/dixit,385,2008,64988,7.19901,7.08836,1.3856,1.1967,2364,176329,29,4.0,8.0,5.0,6.0,831,30,30,"Race
Storytelling
Targeted Clues
Voting
",Party,25.0,7.08184,41.99,,,,,,
King of Tokyo ,https://boardgamegeek.com/boardgame/70323/king-of-tokyo,430,2011,70984,7.13181,7.03063,1.32638,1.4858,2826,370736,24,3.0,6.0,4.0,5.0,1037,30,30,"Dice Rolling
Die Icon Resolution
King of the Hill
Open Drafting
Player Elimination
Push Your Luck
",Family,122.0,7.01977,34.98,,,,,,
Skull ,https://boardgamegeek.com/boardgame/92415/skull,441,2011,23981,7.19128,7.02006,1.40128,1.1198,601,123038,7,3.0,6.0,5.0,6.0,281,15,45,"Auction/Bidding
Bids As Wagers
Hand Management
Player Elimination
",Party,31.0,7.04425,19.99,,,,,,
Codenames: Pictures ,https://boardgamegeek.com/boardgame/198773/codenames-pictures,450,2016,22845,7.1876,7.01282,1.28074,1.2378,328,100696,6,4.0,8.0,6.0,6.0,199,15,15,"Communication Limits
Memory
Push Your Luck
Team-Based Game
",Party,29.0,7.06315,24.95,,,,,,
Wavelength ,https://boardgamegeek.com/boardgame/262543/wavelength,462,2019,13666,7.27077,7.00405,1.29398,1.1086,221,44743,13,4.0,12.0,6.0,6.0,142,30,45,"Race
Targeted Clues
Team-Based Game
",Party,22.0,7.13017,47.0,,,,,,
PitchCar ,https://boardgamegeek.com/boardgame/150/pitchcar,492,1995,11052,7.26526,6.9758,1.34757,1.1252,671,0,5,2.0,8.0,5.0,6.0,124,30,30,"Flicking
Modular Board
Race
",Party,24.0,7.10927,,Family,115.0,7.05085,,,
No Thanks! ,https://boardgamegeek.com/boardgame/12942/no-thanks,515,2004,27402,7.0799,6.95628,1.19734,1.1307,1446,239410,6,3.0,7.0,4.0,5.0,354,20,20,"Auction/Bidding
Closed Economy Auction
Push Your Luck
Set Collection
",Family,136.0,6.98674,9.99,,,,,,
Junk Art ,https://boardgamegeek.com/boardgame/193042/junk-art,539,2016,7655,7.36671,6.93592,1.24113,1.2079,101,27228,4,2.0,6.0,4.0,6.0,64,30,30,"Bingo
Hand Management
I Cut, You Choose
Score-and-Reset Game
Stacking and Balancing
",Party,21.0,7.14471,,Family,116.0,7.03821,,,
High Society ,https://boardgamegeek.com/boardgame/220/high-society,542,1995,13881,7.16632,6.9342,1.23847,1.4813,667,65031,1,3.0,5.0,4.0,5.0,211,15,30,"Auction: Turn Order Until Pass
Auction/Bidding
Constrained Bidding
Hand Management
Highest-Lowest Scoring
",Family,134.0,6.99027,16.17,,,,,,
Love Letter: Premium Edition ,https://boardgamegeek.com/boardgame/196326/love-letter-premium-edition,575,2016,5992,7.43875,6.89957,1.38655,1.3148,108,22639,0,3.0,8.0,4.0,6.0,100,20,30,"Hand Management
Player Elimination
",Party,23.0,7.11741,,Family,129.0,6.9996,,,
Time's Up! Title Recall! ,https://boardgamegeek.com/boardgame/36553/times-up-title-recall,606,2008,3613,7.6768,6.88085,1.52771,1.1848,92,15201,2,4.0,4.0,6.0,6.0,37,60,60,"Acting
Communication Limits
Memory
Team-Based Game
",Party,11.0,7.33538,,,,,,,
Take 5 ,https://boardgamegeek.com/boardgame/432/take-5,651,1994,29338,6.96971,6.84189,1.27051,1.1923,1695,258464,7,3.0,10.0,5.0,6.0,580,45,45,"Hand Management
Score-and-Reset Game
Simultaneous Action Selection
",Family,194.0,6.86177,14.99,,,,,,
Coup ,https://boardgamegeek.com/boardgame/131357/coup,652,2012,47010,6.9826,6.84158,1.42596,1.4096,1438,263923,2,3.0,6.0,5.0,5.0,580,15,15,"Hidden Roles
Memory
Player Elimination
Take That
Variable Player Powers
",Party,60.0,6.77087,14.49,,,,,,
Time's Up! ,https://boardgamegeek.com/boardgame/1353/times-up,697,1999,5912,7.27972,6.80295,1.62113,1.2024,336,18756,9,4.0,4.0,6.0,6.0,70,90,90,"Acting
Communication Limits
Memory
Team-Based Game
",Party,30.0,7.06118,19.99,,,,,,
Dixit: Journey ,https://boardgamegeek.com/boardgame/121288/dixit-journey,755,2012,4599,7.395,6.76488,1.32677,1.2595,131,8635,3,4.0,6.0,5.0,6.0,29,30,30,"Acting
Simultaneous Action Selection
Storytelling
Targeted Clues
Voting
",Party,27.0,7.07292,27.96,,,,,,
Perudo ,https://boardgamegeek.com/boardgame/45/perudo,835,1800,15311,6.91672,6.71709,1.41143,1.2544,975,110034,3,3.0,6.0,5.0,6.0,208,15,30,"Betting and Bluffing
Dice Rolling
Player Elimination
",Party,61.0,6.76846,32.99,Family,252.0,6.75227,,,
Celestia ,https://boardgamegeek.com/boardgame/175117/celestia,895,2015,11563,6.94019,6.68413,1.22354,1.3259,270,50267,4,3.0,6.0,5.0,6.0,147,30,30,"Betting and Bluffing
Dice Rolling
Hidden Victory Points
Push Your Luck
",Family,261.0,6.73654,45.97,,,,,,
Lovecraft Letter ,https://boardgamegeek.com/boardgame/198740/lovecraft-letter,925,2017,4879,7.22266,6.6638,1.40649,1.4194,93,28215,0,3.0,6.0,4.0,5.0,80,5,15,"Deduction
Hand Management
Player Elimination
Push Your Luck
Score-and-Reset Game
Take That
",Party,54.0,6.85599,,,,,,,
Spyfall ,https://boardgamegeek.com/boardgame/166384/spyfall,968,2014,21379,6.77074,6.63475,1.43533,1.2368,511,106336,13,4.0,8.0,6.0,6.0,223,15,15,"Acting
Communication Limits
Memory
Role Playing
Roles with Asymmetric Information
Targeted Clues
",Party,75.0,6.67479,23.17,,,,,,
Spicy ,https://boardgamegeek.com/boardgame/299169/spicy,979,2020,5209,7.15707,6.62897,1.33794,1.3495,186,37339,9,3.0,6.0,4.0,5.0,103,15,20,"Betting and Bluffing
Hand Management
",Party,56.0,6.81618,17.83,,,,,,
HITSTER ,https://boardgamegeek.com/boardgame/318243/hitster,988,2022,2315,7.67607,6.62734,1.36104,1.0,52,27035,2,2.0,10.0,4.0,6.0,48,30,30,,Party,34.0,7.02509,81.04,,,,,,
Stella: Dixit Universe ,https://boardgamegeek.com/boardgame/329845/stella-dixit-universe,1009,2021,3506,7.31114,6.61074,1.22425,1.1429,70,18435,9,3.0,6.0,5.0,6.0,48,30,30,"Deduction
Push Your Luck
",Party,42.0,6.96867,31.99,Family,249.0,6.75541,,,
Concept ,https://boardgamegeek.com/boardgame/147151/concept,1021,2013,20322,6.75833,6.60383,1.38925,1.3759,540,52837,18,3.0,12.0,6.0,6.0,157,40,40,"Communication Limits
Team-Based Game
",Party,79.0,6.65289,35.99,,,,,,
5-Minute Dungeon ,https://boardgamegeek.com/boardgame/207830/5-minute-dungeon,1032,2017,10011,6.92789,6.6007,1.35824,1.1186,253,50997,4,2.0,5.0,4.0,5.0,173,5,30,"Cooperative Game
Elapsed Real Time Ending
Hand Management
Move Through Deck
Real-Time
Variable Player Powers
",Family,338.0,6.61871,,,,,,,
Cockroach Poker ,https://boardgamegeek.com/boardgame/11971/cockroach-poker,1041,2004,13802,6.79704,6.5959,1.46654,1.1023,528,63469,6,3.0,6.0,5.0,5.0,184,20,20,"Hand Management
Set Collection
Single Loser Game
",Party,80.0,6.6337,34.43,,,,,,
Pictomania (Second Edition) ,https://boardgamegeek.com/boardgame/252526/pictomania-second-edition,1060,2018,2251,7.58604,6.57832,1.20547,1.449,49,8680,3,3.0,6.0,5.0,6.0,35,20,40,"Line Drawing
Paper-and-Pencil
",Party,28.0,7.07104,24.95,,,,,,
Las Vegas Royale ,https://boardgamegeek.com/boardgame/271319/las-vegas-royale,1065,2019,2606,7.46696,6.57411,1.14113,1.386,57,10049,1,3.0,5.0,4.0,5.0,47,45,60,"Area Majority / Influence
Dice Rolling
",Family,248.0,6.75556,88.29,,,,,,
Fauna ,https://boardgamegeek.com/boardgame/35497/fauna,1128,2008,4672,7.03804,6.54826,1.24471,1.4564,241,16287,12,2.0,6.0,4.0,5.0,77,45,60,"Betting and Bluffing
",Family,304.0,6.66332,,,,,,,
When I Dream ,https://boardgamegeek.com/boardgame/198454/when-i-dream,1166,2016,5699,6.95074,6.5292,1.32595,1.1882,85,13992,6,4.0,10.0,6.0,6.0,56,20,40,"Communication Limits
Hidden Roles
Memory
Role Playing
Storytelling
Team-Based Game
",Party,70.0,6.73539,,,,,,,
Insider ,https://boardgamegeek.com/boardgame/206051/insider,1170,2016,4266,7.04865,6.5275,1.29499,1.1143,70,34137,3,4.0,8.0,5.0,6.0,56,15,15,"Hidden Roles
Roles with Asymmetric Information
Team-Based Game
Voting
",Party,58.0,6.79659,22.95,,,,,,
Pictures ,https://boardgamegeek.com/boardgame/284108/pictures,1182,2019,3096,7.22237,6.51986,1.32242,1.0145,69,12011,12,3.0,5.0,5.0,5.0,46,20,30,"Communication Limits
Deduction
Pattern Recognition
",Party,48.0,6.88666,35.96,Family,300.0,6.66877,,,
Cockroach Poker Royal ,https://boardgamegeek.com/boardgame/129736/cockroach-poker-royal,1195,2012,4171,7.05166,6.51157,1.3674,1.1204,108,19914,0,3.0,6.0,4.0,5.0,52,15,25,"Hand Management
Set Collection
Single Loser Game
",Party,63.0,6.76638,,,,,,,
Werewords Deluxe Edition ,https://boardgamegeek.com/boardgame/245422/werewords-deluxe-edition,1235,2018,2019,7.54359,6.49356,1.32722,1.2963,27,21209,1,4.0,12.0,6.0,6.0,16,10,10,"Hidden Roles
Traitor Game
Variable Player Powers
Voting
",Party,35.0,7.02432,27.83,,,,,,
Star Wars: Jabba's Palace – A Love Letter Game ,https://boardgamegeek.com/boardgame/353470/star-wars-jabbas-palace-a-love-letter-game,1329,2022,2651,7.2341,6.45093,1.19135,1.234,47,14103,0,3.0,6.0,4.0,5.0,47,20,20,"Deduction
Hand Management
Player Elimination
Score-and-Reset Game
Set Collection
",Family,353.0,6.5953,11.78,,,,,,
Super Mega Lucky Box ,https://boardgamegeek.com/boardgame/341530/super-mega-lucky-box,1357,2021,3154,7.08232,6.43916,1.22778,1.194,67,35073,9,1.0,6.0,4.0,5.0,43,20,20,"Bingo
Paper-and-Pencil
Pattern Building
",Family,369.0,6.57628,17.99,,,,,,
Ghost Blitz ,https://boardgamegeek.com/boardgame/83195/ghost-blitz,1378,2010,9451,6.70887,6.43181,1.34801,1.1429,343,35979,10,2.0,6.0,4.0,5.0,89,20,20,"Pattern Recognition
Speed Matching
",Party,108.0,6.51296,19.06,Family,447.0,6.48429,,,
TransAmerica ,https://boardgamegeek.com/boardgame/2842/transamerica,1401,2001,8259,6.68553,6.42246,1.31725,1.3461,838,40423,7,3.0,6.0,5.0,6.0,139,30,30,"Connections
Race
Score-and-Reset Game
",Family,454.0,6.47986,29.53,,,,,,
That's Not a Hat ,https://boardgamegeek.com/boardgame/375651/thats-not-a-hat,1415,2023,2753,7.14537,6.41863,1.31144,1.0167,60,23870,9,4.0,8.0,5.0,5.0,57,15,15,"Memory
",Party,64.0,6.76619,9.99,,,,,,
6 nimmt! 25 Jahre ,https://boardgamegeek.com/boardgame/268586/6-nimmt-25-jahre,1417,2019,2294,7.32101,6.41635,1.22362,1.2308,52,14720,0,4.0,8.0,4.0,6.0,35,45,45,"Hand Management
Score-and-Reset Game
Simultaneous Action Selection
",Party,59.0,6.78469,,Family,372.0,6.57062,,,
Spot it! ,https://boardgamegeek.com/boardgame/63268/spot-it,1481,2009,19012,6.55136,6.38448,1.42853,1.0314,669,155850,7,2.0,7.0,4.0,5.0,167,15,15,"Hot Potato
Pattern Recognition
Speed Matching
",Party,145.0,6.36932,12.09,,,,,,
Infinity Gauntlet: A Love Letter Game ,https://boardgamegeek.com/boardgame/304285/infinity-gauntlet-a-love-letter-game,1497,2020,3326,6.95836,6.37876,1.25935,1.2069,58,18378,1,3.0,6.0,4.0,5.0,51,15,15,"Hand Management
Set Collection
Team-Based Game
",Family,436.0,6.49607,12.49,,,,,,
Trapwords ,https://boardgamegeek.com/boardgame/257527/trapwords,1515,2018,3193,6.9913,6.37234,1.28509,1.4259,54,8476,5,4.0,8.0,6.0,6.0,34,30,45,"Communication Limits
Modular Board
Team-Based Game
",Party,76.0,6.66066,33.19,,,,,,
Time's Up! Edición Amarilla ,https://boardgamegeek.com/boardgame/38713/times-up-edicion-amarilla,1528,2008,1560,7.54213,6.36621,1.39077,1.0816,49,7127,0,4.0,4.0,6.0,6.0,15,30,30,"Acting
Communication Limits
Memory
Team-Based Game
",Party,50.0,6.87311,,,,,,,
Ca$h 'n Gun$ ,https://boardgamegeek.com/boardgame/19237/ca-dollar-h-n-gun-dollar,1550,2005,10189,6.55249,6.35702,1.37063,1.2757,758,31857,7,4.0,6.0,6.0,6.0,134,30,30,"Player Elimination
Simultaneous Action Selection
Variable Player Powers
",Party,131.0,6.42506,39.99,,,,,,
Imagine ,https://boardgamegeek.com/boardgame/191894/imagine,1571,2015,4230,6.83682,6.34987,1.29963,1.0698,86,12032,6,3.0,8.0,4.0,6.0,43,15,30,"Acting
Team-Based Game
",Party,98.0,6.56272,,,,,,,
Happy Salmon ,https://boardgamegeek.com/boardgame/194626/happy-salmon,1581,2016,5845,6.68042,6.34339,1.58358,1.0748,107,38690,3,4.0,8.0,5.0,6.0,75,2,2,"Simultaneous Action Selection
",Party,115.0,6.48691,22.3,,,,,,
Kites ,https://boardgamegeek.com/boardgame/348096/kites,1687,2022,2698,6.96985,6.30079,1.2335,1.0577,52,24228,8,2.0,6.0,4.0,6.0,32,10,10,"Cooperative Game
",Party,92.0,6.57305,19.95,Family,492.0,6.43059,,,
Anomia ,https://boardgamegeek.com/boardgame/67877/anomia,1748,2010,4978,6.69058,6.28458,1.43958,1.0414,145,18084,6,3.0,6.0,5.0,5.0,55,30,30,"Pattern Recognition
Speed Matching
",Party,132.0,6.4237,17.7,,,,,,
Ave Caesar ,https://boardgamegeek.com/boardgame/494/ave-caesar,1749,1989,4833,6.64395,6.28339,1.40452,1.3562,466,19214,3,4.0,6.0,5.0,6.0,97,30,30,"Hand Management
Race
Track Movement
",Family,568.0,6.36257,,,,,,,
PitchCar Mini ,https://boardgamegeek.com/boardgame/14254/pitchcar-mini,1750,2003,2334,6.97494,6.28267,1.29172,1.1438,153,12172,0,2.0,8.0,4.0,6.0,28,30,30,"Flicking
Race
",Party,82.0,6.6059,,Family,504.0,6.41661,,,
Beyond Balderdash ,https://boardgamegeek.com/boardgame/1544/beyond-balderdash,1777,1993,3271,6.82219,6.27625,1.43729,1.4714,210,3986,0,4.0,6.0,6.0,6.0,47,45,45,"Paper-and-Pencil
Voting
",Party,105.0,6.52237,64.99,,,,,,
Timeline: Discoveries ,https://boardgamegeek.com/boardgame/99975/timeline-discoveries,1783,2011,3999,6.71322,6.27457,1.18054,1.1626,123,11878,0,2.0,8.0,4.0,5.0,23,15,15,,Party,112.0,6.49485,,Family,561.0,6.36994,,,
Seas of Strife ,https://boardgamegeek.com/boardgame/225482/seas-of-strife,1797,2015,1503,7.32516,6.26994,1.23588,1.1786,28,13442,1,4.0,6.0,5.0,6.0,53,45,45,"Trick-taking
",Family,482.0,6.44068,11.61,,,,,,
Jungle Speed ,https://boardgamegeek.com/boardgame/8098/jungle-speed,1822,1997,13463,6.46152,6.25894,1.53942,1.1313,693,52513,3,3.0,8.0,5.0,6.0,133,10,10,"Pattern Recognition
Speed Matching
",Party,191.0,6.25366,,,,,,,
Wits & Wagers Party ,https://boardgamegeek.com/boardgame/123239/wits-and-wagers-party,1851,2012,2536,6.89708,6.25183,1.25048,1.1111,54,7195,3,4.0,10.0,5.0,6.0,17,25,25,"Betting and Bluffing
",Party,85.0,6.59584,,,,,,,
Phantom Ink ,https://boardgamegeek.com/boardgame/330592/phantom-ink,1859,2022,1390,7.40573,6.24948,1.20245,1.1515,33,11261,4,4.0,8.0,6.0,6.0,35,10,15,"Communication Limits
Deduction
Targeted Clues
Team-Based Game
",Party,65.0,6.75974,27.95,,,,,,
Felicity: The Cat in the Sack ,https://boardgamegeek.com/boardgame/32125/felicity-the-cat-in-the-sack,1885,2007,5027,6.56804,6.24199,1.20062,1.3945,474,16030,6,3.0,5.0,5.0,5.0,107,20,20,"Auction/Bidding
Betting and Bluffing
Secret Unit Deployment
",Family,624.0,6.32075,,,,,,,
Duplik ,https://boardgamegeek.com/boardgame/22348/duplik,1887,2005,2282,6.96853,6.24108,1.29228,1.2162,111,6051,5,3.0,10.0,5.0,6.0,26,45,45,"Drawing
",Party,93.0,6.5726,,,,,,,
Time's Up! Edición Azul ,https://boardgamegeek.com/boardgame/57660/times-up-edicion-azul,1904,2006,1355,7.3529,6.2361,1.47699,1.2241,58,5540,0,4.0,12.0,6.0,6.0,17,45,45,"Acting
Communication Limits
Memory
Team-Based Game
",Party,69.0,6.7447,,,,,,,
Timeline: Music & Cinema ,https://boardgamegeek.com/boardgame/145189/timeline-music-and-cinema,1912,2013,3482,6.72334,6.23494,1.23204,1.0889,90,13908,0,2.0,8.0,4.0,6.0,17,15,15,,Party,116.0,6.48202,,Family,599.0,6.339,,,
Bohnanza: 25th Anniversary Edition ,https://boardgamegeek.com/boardgame/351605/bohnanza-25th-anniversary-edition,1918,2022,1191,7.60146,6.23353,1.20063,1.4348,23,4444,0,3.0,6.0,4.0,5.0,20,45,45,"Hand Management
Melding and Splaying
Negotiation
Set Collection
Trading
",Family,503.0,6.41674,,,,,,,
Wits & Wagers Family ,https://boardgamegeek.com/boardgame/66588/wits-and-wagers-family,1999,2010,2129,6.919,6.20997,1.1726,1.0964,83,7095,4,3.0,10.0,5.0,6.0,23,20,20,"Betting and Bluffing
Paper-and-Pencil
",Party,100.0,6.54968,29.99,Family,593.0,6.34328,,,
Timebomb ,https://boardgamegeek.com/boardgame/236217/timebomb,2000,2016,1750,7.15314,6.21001,1.49048,1.0652,46,13599,0,5.0,8.0,6.0,6.0,41,1,30,"Hidden Roles
Role Playing
Team-Based Game
Traitor Game
",Party,99.0,6.55824,,,,,,,
Trans Europa ,https://boardgamegeek.com/boardgame/16267/trans-europa,2013,2005,3418,6.65319,6.20564,1.19275,1.4068,354,12811,1,3.0,6.0,5.0,6.0,60,20,20,"Connections
Race
Score-and-Reset Game
",Family,647.0,6.30247,28.7,,,,,,
Belratti ,https://boardgamegeek.com/boardgame/259374/belratti,2025,2018,1619,7.10787,6.20356,1.24116,1.0769,39,8240,3,3.0,7.0,5.0,6.0,38,20,45,"Communication Limits
Cooperative Game
",Party,83.0,6.60339,,,,,,,
Pyramid of Pengqueen ,https://boardgamegeek.com/boardgame/36648/pyramid-of-pengqueen,2042,2008,2136,6.88986,6.19841,1.21248,1.3717,113,9357,1,3.0,5.0,5.0,5.0,40,30,45,"Hidden Movement
Memory
Player Elimination
Roll / Spin and Move
",Children's,17.0,6.80493,,Family,612.0,6.3306,,,
Snake Oil ,https://boardgamegeek.com/boardgame/113289/snake-oil,2054,2010,3360,6.6676,6.19503,1.52809,1.1319,91,7044,1,4.0,8.0,5.0,6.0,15,20,30,"Acting
Hand Management
Player Judge
Storytelling
",Party,140.0,6.38908,,,,,,,
Taco Cat Goat Cheese Pizza ,https://boardgamegeek.com/boardgame/253664/taco-cat-goat-cheese-pizza,2090,2018,5721,6.5803,6.18447,1.64565,1.0207,145,27822,1,3.0,8.0,4.0,6.0,60,10,30,"Pattern Recognition
Race
Real-Time
",Party,193.0,6.24595,9.64,,,,,,
Balderdash ,https://boardgamegeek.com/boardgame/163/balderdash,2132,1984,6292,6.47313,6.17447,1.48592,1.4023,343,6033,3,4.0,6.0,5.0,6.0,62,60,60,"Paper-and-Pencil
Voting
",Party,182.0,6.27768,57.0,,,,,,
Anomia: Party Edition ,https://boardgamegeek.com/boardgame/142271/anomia-party-edition,2201,2013,1655,7.09319,6.15715,1.39337,1.0208,48,5715,2,3.0,6.0,5.0,6.0,25,30,30,"Speed Matching
",Party,104.0,6.52969,25.99,,,,,,
Once Upon a Time: The Storytelling Card Game ,https://boardgamegeek.com/boardgame/1234/once-upon-a-time-the-storytelling-card-game,2210,1993,8976,6.3698,6.15474,1.53782,1.3661,508,15046,3,3.0,6.0,5.0,6.0,78,30,30,"Hand Management
Interrupts
Storytelling
Voting
",Thematic,608.0,6.17261,24.49,Party,229.0,6.1533,,,
Codenames: Deep Undercover ,https://boardgamegeek.com/boardgame/205158/codenames-deep-undercover,2213,2016,3614,6.57208,6.15288,1.60483,1.3243,37,12667,0,4.0,8.0,6.0,6.0,30,15,15,"Communication Limits
Memory
Push Your Luck
Team-Based Game
",Party,153.0,6.34274,,,,,,,
Exploding Kittens: Party Pack ,https://boardgamegeek.com/boardgame/256804/exploding-kittens-party-pack,2226,2017,1946,7.09335,6.1503,1.52782,1.0465,43,7747,0,2.0,10.0,5.0,6.0,22,15,15,"Hand Management
Player Elimination
Push Your Luck
Set Collection
Take That
",Party,163.0,6.32047,,,,,,,
Nine Tiles Panic ,https://boardgamegeek.com/boardgame/279869/nine-tiles-panic,2251,2019,1676,6.95952,6.14449,1.22038,1.2273,22,7084,0,3.0,5.0,4.0,5.0,18,20,20,"Pattern Building
Real-Time
Tile Placement
",Family,675.0,6.27507,,,,,,,
Inside Job ,https://boardgamegeek.com/boardgame/324914/inside-job,2268,2022,1411,7.11544,6.14072,1.1868,1.4667,30,9137,1,3.0,5.0,4.0,5.0,30,20,30,"Deduction
Hand Management
Hidden Roles
Semi-Cooperative Game
Team-Based Game
Traitor Game
",Strategy,1096.0,6.26882,23.93,Family,664.0,6.28775,,,
Taboo ,https://boardgamegeek.com/boardgame/1111/taboo,2325,1989,12979,6.30239,6.12979,1.49576,1.2019,629,20502,3,4.0,10.0,6.0,6.0,102,20,20,"Communication Limits
Team-Based Game
",Party,237.0,6.13799,29.99,,,,,,
Good Cop Bad Cop ,https://boardgamegeek.com/boardgame/153064/good-cop-bad-cop,2326,2014,3334,6.5556,6.12908,1.4254,1.2547,106,16211,1,4.0,8.0,6.0,6.0,45,10,20,"Alliances
Hand Management
Hidden Roles
Memory
Player Elimination
Take That
",Party,166.0,6.31559,,,,,,,
Heimlich & Co. ,https://boardgamegeek.com/boardgame/382/heimlich-and-co,2388,1984,3885,6.46641,6.11447,1.29963,1.4774,310,8745,3,3.0,7.0,4.0,5.0,71,30,30,"Hidden Roles
Roll / Spin and Move
",Family,791.0,6.1913,19.99,,,,,,
Poison ,https://boardgamegeek.com/boardgame/17025/poison,2400,2005,4168,6.45123,6.11124,1.2122,1.193,399,17264,5,3.0,6.0,4.0,5.0,72,30,30,"Hand Management
",Family,804.0,6.18342,,,,,,,
Sleeping Queens ,https://boardgamegeek.com/boardgame/17053/sleeping-queens,2406,2005,4683,6.48682,6.1097,1.41827,1.0552,181,46997,4,2.0,5.0,4.0,5.0,54,20,20,"Hand Management
Memory
Set Collection
Take That
",Children's,64.0,6.32574,9.99,Family,842.0,6.16092,,,
Pick Picknic ,https://boardgamegeek.com/boardgame/2569/pick-picknic,2425,2001,2767,6.58844,6.10404,1.16972,1.1968,315,12736,0,3.0,6.0,5.0,6.0,69,20,20,"Dice Rolling
Hand Management
Simultaneous Action Selection
",Family,779.0,6.19859,,,,,,,
Piece o' Cake ,https://boardgamegeek.com/boardgame/37371/piece-o-cake,2432,2008,2422,6.6347,6.10276,1.16606,1.3554,166,10645,2,2.0,5.0,4.0,5.0,46,20,20,"Area Majority / Influence
I Cut, You Choose
Set Collection
",Family,767.0,6.20729,,,,,,,
Kneipenquiz: Das Original ,https://boardgamegeek.com/boardgame/204801/kneipenquiz-das-original,2434,2016,969,7.38478,6.10129,1.23007,1.4828,29,10903,0,3.0,6.0,5.0,5.0,18,30,40,"Cooperative Game
",Party,90.0,6.57845,,,,,,,
That's Life! ,https://boardgamegeek.com/boardgame/17240/thats-life,2462,2005,3411,6.48523,6.09486,1.2692,1.3133,300,13837,10,2.0,6.0,4.0,5.0,48,30,30,"Dice Rolling
Map Reduction
Modular Board
Roll / Spin and Move
",Family,818.0,6.17741,,,,,,,
Cheating Moth ,https://boardgamegeek.com/boardgame/105593/cheating-moth,2470,2011,5051,6.41588,6.0938,1.517,1.1533,150,18846,6,3.0,5.0,5.0,5.0,60,30,30,"Hand Management
",Party,209.0,6.19392,14.99,,,,,,
Zombie Dice ,https://boardgamegeek.com/boardgame/62871/zombie-dice,2517,2010,18454,6.22959,6.08234,1.44845,1.0939,863,96314,4,2.0,8.0,4.0,5.0,147,10,20,"Dice Rolling
Die Icon Resolution
Push Your Luck
Re-rolling and Locking
",Party,317.0,5.98478,13.99,,,,,,
Don't Mess with Cthulhu ,https://boardgamegeek.com/boardgame/170587/dont-mess-with-cthulhu,2587,2014,1598,6.84777,6.06626,1.57247,1.1389,36,14535,1,4.0,6.0,6.0,6.0,31,1,30,"Team-Based Game
Traitor Game
",Party,133.0,6.40923,,,,,,,
Colt Super Express ,https://boardgamegeek.com/boardgame/299027/colt-super-express,2597,2020,1623,6.81942,6.06346,1.33854,1.075,40,7595,0,3.0,7.0,5.0,6.0,26,15,20,"Action Queue
Hand Management
Memory
Player Elimination
Programmed Movement
Simultaneous Action Selection
",Party,142.0,6.37786,,Family,824.0,6.17473,,,
Scattergories ,https://boardgamegeek.com/boardgame/2381/scattergories,2612,1988,10523,6.26992,6.06166,1.47632,1.3594,473,20975,1,2.0,6.0,4.0,6.0,73,30,30,"Dice Rolling
Paper-and-Pencil
",Party,271.0,6.06259,13.0,,,,,,
Ghost Blitz 2 ,https://boardgamegeek.com/boardgame/118705/ghost-blitz-2,2627,2012,1956,6.74083,6.05831,1.33189,1.1791,67,5684,6,2.0,8.0,5.0,5.0,13,30,30,"Pattern Recognition
",Party,148.0,6.35613,,Family,833.0,6.16588,,,
Take 5! ,https://boardgamegeek.com/boardgame/153/take-5,2636,1998,2473,6.55314,6.0561,1.20114,1.4615,169,10835,2,3.0,6.0,5.0,5.0,31,60,60,"Hand Management
",Family,855.0,6.15495,,,,,,,
Dixit: Disney Edition ,https://boardgamegeek.com/boardgame/381308/dixit-disney-edition,2641,2023,894,7.4528,6.0554,1.28696,1.1,10,3386,6,4.0,6.0,6.0,6.0,8,30,30,"Storytelling
Targeted Clues
Voting
",,,,33.56,,,,,,
Poetry for Neanderthals ,https://boardgamegeek.com/boardgame/312786/poetry-for-neanderthals,2662,2020,2172,6.66502,6.04927,1.45914,1.0645,31,6609,0,4.0,12.0,6.0,6.0,20,15,15,"Communication Limits
Real-Time
Team-Based Game
",Party,180.0,6.28185,,,,,,,
Dungeon Raiders ,https://boardgamegeek.com/boardgame/80771/dungeon-raiders,2665,2011,2099,6.65775,6.04742,1.19564,1.3981,103,6273,3,3.0,5.0,5.0,5.0,34,20,60,"Hand Management
Player Elimination
Simultaneous Action Selection
Take That
Variable Player Powers
",Thematic,585.0,6.19313,,Family,872.0,6.14022,,,
Funemployed ,https://boardgamegeek.com/boardgame/142296/funemployed,2706,2013,2064,6.65302,6.03656,1.62961,1.16,50,3120,0,4.0,7.0,5.0,6.0,16,30,30,"Acting
Open Drafting
Player Judge
Role Playing
Storytelling
",Party,184.0,6.27625,,,,,,,
Northern Pacific ,https://boardgamegeek.com/boardgame/138704/northern-pacific,2748,2013,1041,7.06742,6.02868,1.39066,1.4643,28,4124,0,3.0,6.0,5.0,5.0,24,60,60,"Commodity Speculation
Network and Route Building
Score-and-Reset Game
",Strategy,1241.0,6.16354,36.95,,,,,,
What the Heck? ,https://boardgamegeek.com/boardgame/175/what-the-heck,2795,1988,2553,6.47584,6.02145,1.31701,1.1674,215,15407,2,3.0,5.0,5.0,5.0,48,20,20,"Auction: Sealed Bid
Bids As Wagers
Simultaneous Action Selection
",Family,917.0,6.11082,,,,,,,
Coyote ,https://boardgamegeek.com/boardgame/8172/coyote,2817,2003,1817,6.64027,6.01654,1.24866,1.184,125,6980,6,4.0,6.0,5.0,6.0,35,20,30,"Player Elimination
",Party,170.0,6.3114,,,,,,,
Time's Up! Family ,https://boardgamegeek.com/boardgame/88126/times-up-family,2828,2010,922,7.19974,6.01761,1.32168,1.1111,18,4701,0,4.0,9.0,6.0,6.0,9,30,30,"Acting
Communication Limits
Memory
Team-Based Game
",Party,128.0,6.43966,,,,,,,
Go Nuts for Donuts ,https://boardgamegeek.com/boardgame/184346/go-nuts-for-donuts,2846,2017,3065,6.4226,6.01209,1.439,1.1,60,21328,3,3.0,6.0,4.0,5.0,49,20,20,"Open Drafting
Set Collection
",Family,972.0,6.07653,28.07,,,,,,
Cloud 9 ,https://boardgamegeek.com/boardgame/632/cloud-9,2873,1999,2302,6.48969,6.00635,1.23088,1.1527,262,9771,1,3.0,6.0,6.0,6.0,31,20,30,"Betting and Bluffing
Dice Rolling
Hand Management
Push Your Luck
Track Movement
",Family,938.0,6.09641,,,,,,,
Unusual Suspects ,https://boardgamegeek.com/boardgame/178570/unusual-suspects,2876,2015,2908,6.39883,6.00491,1.5191,1.0909,77,22988,1,3.0,8.0,4.0,6.0,36,20,20,"Communication Limits
Cooperative Game
Team-Based Game
Voting
",Party,206.0,6.20264,,,,,,,
Shadows: Amsterdam ,https://boardgamegeek.com/boardgame/246297/shadows-amsterdam,2879,2018,2035,6.58486,6.005,1.40095,1.25,36,6803,4,4.0,6.0,6.0,6.0,35,20,20,"Cooperative Game
Deduction
Modular Board
Point to Point Movement
Race
Real-Time
",Party,199.0,6.22468,16.01,Family,955.0,6.08927,,,
Qwixx Deluxe ,https://boardgamegeek.com/boardgame/208775/qwixx-deluxe,2881,2016,989,7.0938,6.00449,1.20932,1.1667,18,0,0,2.0,8.0,4.0,5.0,7,20,20,"Dice Rolling
Paper-and-Pencil
",Family,863.0,6.14603,,,,,,,
Spaceteam ,https://boardgamegeek.com/boardgame/184491/spaceteam,2887,2015,2020,6.59478,6.00346,1.46563,1.075,40,7938,0,4.0,6.0,6.0,6.0,22,5,5,"Cooperative Game
Hand Management
Memory
Trading
",Party,225.0,6.16452,27.95,,,,,,
Prey Another Day ,https://boardgamegeek.com/boardgame/234260/prey-another-day,2891,2023,1229,6.89905,6.00311,1.41642,1.0426,47,9588,1,3.0,5.0,4.0,5.0,49,15,20,"Simultaneous Action Selection
",Party,177.0,6.2941,,Family,888.0,6.13254,,,
My Gold Mine ,https://boardgamegeek.com/boardgame/331571/my-gold-mine,2903,2021,1157,6.9457,5.99991,1.25838,1.0909,44,7310,3,3.0,6.0,5.0,5.0,30,25,25,"Push Your Luck
",,,,,,,,,,
MonsDRAWsity ,https://boardgamegeek.com/boardgame/283212/monsdrawsity,2978,2020,998,7.11292,5.98733,1.3264,1.087,23,3394,4,4.0,8.0,5.0,6.0,12,5,30,"Line Drawing
Memory
Voting
",Party,138.0,6.39389,21.21,,,,,,
Word Slam ,https://boardgamegeek.com/boardgame/203411/word-slam,2989,2016,1114,6.92076,5.98611,1.42996,1.1053,19,4338,7,4.0,10.0,6.0,6.0,15,45,45,"Team-Based Game
",Party,137.0,6.39753,,,,,,,
Crossing ,https://boardgamegeek.com/boardgame/172971/crossing,2991,2013,1549,6.70659,5.98603,1.39645,1.0513,39,10012,0,4.0,6.0,5.0,5.0,27,15,15,"Set Collection
Simultaneous Action Selection
",Party,183.0,6.27659,,,,,,,
Joking Hazard ,https://boardgamegeek.com/boardgame/193621/joking-hazard,2993,2016,6020,6.26239,5.98619,1.6875,1.0238,84,11226,1,3.0,7.0,5.0,5.0,54,30,90,"Hand Management
Player Judge
Simultaneous Action Selection
",Party,325.0,5.9714,24.95,,,,,,
Excape ,https://boardgamegeek.com/boardgame/357/excape,3008,1998,2065,6.47547,5.98329,1.42041,1.1341,164,12543,0,3.0,6.0,5.0,5.0,55,30,30,"Dice Rolling
Push Your Luck
Race
",Family,971.0,6.07762,,,,,,,
Gift Trap ,https://boardgamegeek.com/boardgame/23686/gift-trap,3026,2006,2656,6.40616,5.98065,1.4977,1.2426,235,6345,8,4.0,8.0,5.0,6.0,39,60,60,"Simultaneous Action Selection
Voting
",Party,226.0,6.16133,,,,,,,
MANTIS ,https://boardgamegeek.com/boardgame/358690/mantis,3037,2022,1595,6.72393,5.97753,1.40609,1.0278,36,19882,4,2.0,6.0,4.0,5.0,20,10,10,"Hand Management
Push Your Luck
Set Collection
Take That
",Family,997.0,6.06049,19.99,,,,,,
Mord im Arosa ,https://boardgamegeek.com/boardgame/80006/mord-im-arosa,3062,2010,1799,6.53408,5.97353,1.24663,1.4466,103,6279,2,3.0,6.0,4.0,5.0,37,30,45,"Cube Tower
Memory
",Family,987.0,6.06792,,,,,,,
Exploding Kittens: NSFW Deck ,https://boardgamegeek.com/boardgame/172242/exploding-kittens-nsfw-deck,3100,2015,10162,6.23617,5.96695,1.75942,1.0658,228,19725,0,3.0,5.0,4.0,5.0,84,10,20,"Hand Management
Player Elimination
Push Your Luck
Set Collection
Take That
",Party,404.0,5.85146,17.95,,,,,,
Get Bit! ,https://boardgamegeek.com/boardgame/30539/get-bit,3112,2007,6656,6.13942,5.96558,1.26706,1.1215,288,19784,3,3.0,6.0,5.0,6.0,54,10,20,"Hand Management
Player Elimination
Race
Relative Movement
Simultaneous Action Selection
",Family,1104.0,5.99558,19.85,,,,,,
Linq ,https://boardgamegeek.com/boardgame/11945/linq,3141,2004,1067,6.86385,5.95991,1.5287,1.4267,75,3293,3,5.0,8.0,6.0,6.0,29,45,45,"Hidden Roles
Pattern Recognition
Targeted Clues
Team-Based Game
Voting
",Party,152.0,6.344,,,,,,,
King Up! ,https://boardgamegeek.com/boardgame/7806/king-up,3173,2004,2290,6.40731,5.95495,1.21611,1.2126,207,5911,2,3.0,6.0,5.0,5.0,37,30,30,"Voting
",Family,1038.0,6.03428,,,,,,,
Walk the Plank! ,https://boardgamegeek.com/boardgame/35505/walk-the-plank,3187,2013,1871,6.52394,5.95267,1.316,1.253,83,7507,1,3.0,5.0,4.0,5.0,15,20,20,"Action Queue
Player Elimination
Programmed Movement
Simultaneous Action Selection
Take That
Turn Order: Progressive
",Family,1019.0,6.04305,,,,,,,
Throw Throw Burrito ,https://boardgamegeek.com/boardgame/274533/throw-throw-burrito,3190,2019,3882,6.31399,5.95156,1.62188,1.1077,65,7726,3,3.0,6.0,4.0,6.0,29,15,15,"Real-Time
Set Collection
Take That
",Party,289.0,6.03222,20.24,,,,,,
Leo ,https://boardgamegeek.com/boardgame/191538/leo,3200,2016,1336,6.68139,5.9492,1.17189,1.1562,32,6189,9,2.0,5.0,5.0,5.0,24,30,30,"Cooperative Game
Hand Management
Memory
",Children's,39.0,6.53497,,,,,,,
World Championship Russian Roulette ,https://boardgamegeek.com/boardgame/179245/world-championship-russian-roulette,3206,2017,1109,6.89072,5.94822,1.49402,1.24,25,3022,0,3.0,6.0,4.0,6.0,16,20,30,"Betting and Bluffing
Push Your Luck
",Party,192.0,6.24634,,,,,,,
TTMC: Tu te mets combien? ,https://boardgamegeek.com/boardgame/262341/ttmc-tu-te-mets-combien,3213,2016,872,7.11606,5.94724,1.35988,1.0625,16,3632,1,3.0,9.0,6.0,6.0,12,42,97,"Race
Track Movement
",Party,174.0,6.29948,,,,,,,
L.A.M.A. Party Edition ,https://boardgamegeek.com/boardgame/313473/lama-party-edition,3266,2020,927,6.97538,5.94249,1.3514,1.0435,23,8921,0,3.0,6.0,5.0,5.0,13,20,20,"Hand Management
Ladder Climbing
Matching
",Family,985.0,6.06887,,,,,,,
Rush & Bash ,https://boardgamegeek.com/boardgame/177965/rush-and-bash,3269,2015,1190,6.76774,5.94166,1.26178,1.4681,47,3653,1,2.0,6.0,5.0,6.0,20,30,30,"Hand Management
Modular Board
Race
Variable Player Powers
",Family,1027.0,6.03962,,,,,,,
Ultimate Warriorz ,https://boardgamegeek.com/boardgame/100679/ultimate-warriorz,3283,2011,1328,6.65105,5.94022,1.30196,1.2973,37,3313,0,3.0,8.0,4.0,5.0,12,30,30,"Dice Rolling
Grid Movement
Hand Management
Player Elimination
Simultaneous Action Selection
Variable Player Powers
",Party,200.0,6.21747,,,,,,,
Formula Motor Racing ,https://boardgamegeek.com/boardgame/635/formula-motor-racing,3301,1995,2003,6.40634,5.93634,1.29198,1.1801,211,7302,0,3.0,6.0,6.0,6.0,33,20,20,"Dice Rolling
Hand Management
Relative Movement
",Family,1086.0,6.00629,,,,,,,
Dungeons & Dragons: Rock Paper Wizard ,https://boardgamegeek.com/boardgame/207062/dungeons-and-dragons-rock-paper-wizard,3323,2016,1538,6.5701,5.93265,1.35819,1.3333,27,3953,0,3.0,6.0,5.0,6.0,17,30,30,"Simultaneous Action Selection
Take That
",Party,224.0,6.16716,24.04,,,,,,
Half Truth ,https://boardgamegeek.com/boardgame/287158/half-truth,3332,2020,958,6.91626,5.93066,1.3935,1.2941,17,3703,1,2.0,6.0,4.0,6.0,11,30,45,"Betting and Bluffing
Push Your Luck
Simultaneous Action Selection
",Party,179.0,6.28506,,,,,,,
Ghost Blitz: 5 to 12 ,https://boardgamegeek.com/boardgame/148532/ghost-blitz-5-to-12,3334,2013,1032,6.93611,5.93043,1.40304,1.303,33,3218,2,2.0,6.0,5.0,5.0,10,20,20,"Pattern Recognition
",Party,173.0,6.30021,,,,,,,
Dungeon Raiders ,https://boardgamegeek.com/boardgame/257164/dungeon-raiders,3335,2018,853,7.13939,5.93055,1.20962,1.3333,24,2842,0,3.0,5.0,5.0,5.0,18,20,30,"Hand Management
Simultaneous Action Selection
Take That
Variable Player Powers
",Party,205.0,6.20652,,,,,,,
Bag of Chips ,https://boardgamegeek.com/boardgame/344114/bag-of-chips,3382,2021,1630,6.49341,5.92483,1.31931,1.0909,55,9993,1,2.0,5.0,4.0,5.0,30,15,20,"Hand Management
Push Your Luck
",Party,220.0,6.17722,12.11,Family,1073.0,6.01594,,,
12 Days ,https://boardgamegeek.com/boardgame/130899/12-days,3390,2011,1544,6.52545,5.92322,1.1615,1.2121,66,5820,0,3.0,5.0,4.0,5.0,25,15,15,"Auction/Bidding
Set Collection
",Family,1065.0,6.02007,,,,,,,
Wordsy ,https://boardgamegeek.com/boardgame/208480/wordsy,3404,2017,887,6.92182,5.92148,1.23436,1.3889,18,4776,2,2.0,6.0,4.0,5.0,8,20,20,"Paper-and-Pencil
Real-Time
Solo / Solitaire Game
Spelling
",,,,,,,,,,
Pairs ,https://boardgamegeek.com/boardgame/152237/pairs,3424,2014,2348,6.32773,5.9188,1.47532,1.1346,104,25222,1,3.0,8.0,5.0,6.0,22,15,15,"Push Your Luck
Score-and-Reset Game
Single Loser Game
",Family,1133.0,5.98204,10.55,,,,,,
Krazy Wordz ,https://boardgamegeek.com/boardgame/231962/krazy-wordz,3430,2016,687,7.21805,5.9183,1.3353,1.25,16,2143,0,4.0,7.0,5.0,6.0,9,45,45,"Simultaneous Action Selection
Spelling
",Party,151.0,6.34494,,,,,,,
Catch Phrase! ,https://boardgamegeek.com/boardgame/2582/catch-phrase,3444,1994,2536,6.34696,5.91678,1.54325,1.1429,168,9240,0,4.0,4.0,6.0,6.0,26,30,30,"Hot Potato
",Party,269.0,6.06666,58.38,,,,,,
Cheeky Monkey ,https://boardgamegeek.com/boardgame/29773/cheeky-monkey,3501,2007,1196,6.63674,5.90871,1.31665,1.1474,95,10201,2,2.0,6.0,4.0,5.0,31,15,15,"Push Your Luck
Set Collection
",Family,1071.0,6.01628,,,,,,,
Kobayakawa ,https://boardgamegeek.com/boardgame/142325/kobayakawa,3509,2013,2127,6.32805,5.90761,1.37032,1.1839,87,6995,1,3.0,6.0,5.0,5.0,24,15,15,"Betting and Bluffing
",Party,253.0,6.09637,,Family,1140.0,5.98034,,,
Tapple ,https://boardgamegeek.com/boardgame/129556/tapple,3515,2012,1739,6.46555,5.90688,1.25634,1.0323,31,7485,1,2.0,8.0,4.0,6.0,12,30,30,"Matching
Memory
Player Elimination
",Party,236.0,6.14201,,,,,,,
Sequoia ,https://boardgamegeek.com/boardgame/305986/sequoia,3546,2020,1196,6.61631,5.90124,1.28839,1.15,20,6197,0,2.0,5.0,4.0,5.0,12,10,10,"Area Majority / Influence
Dice Rolling
Simultaneous Action Selection
",Family,1101.0,5.99631,,,,,,,
Quartz ,https://boardgamegeek.com/boardgame/172881/quartz,3590,2015,989,6.97913,5.89454,1.5018,1.2581,31,3948,0,3.0,5.0,4.0,5.0,14,45,60,"Push Your Luck
Set Collection
Take That
",Party,248.0,6.10819,,,,,,,
Time's Up! Academy ,https://boardgamegeek.com/boardgame/46158/times-up-academy,3625,2009,568,7.34165,5.8895,1.47071,1.0952,21,2060,0,4.0,10.0,6.0,6.0,11,30,30,"Acting
Communication Limits
Memory
Team-Based Game
",Party,147.0,6.35619,,,,,,,
Who Did It? ,https://boardgamegeek.com/boardgame/241491/who-did-it,3631,2018,1470,6.55285,5.88856,1.5324,1.0303,33,8541,6,3.0,6.0,4.0,5.0,20,15,15,"Memory
Single Loser Game
",Family,1165.0,5.97243,,,,,,,
Cover Your Assets ,https://boardgamegeek.com/boardgame/121193/cover-your-assets,3671,2011,1855,6.43616,5.88285,1.61036,1.1489,47,9516,0,3.0,6.0,4.0,5.0,19,15,45,"Hand Management
Set Collection
Take That
",Family,1223.0,5.94064,16.99,,,,,,
Compatibility ,https://boardgamegeek.com/boardgame/2604/compatibility,3678,1996,1334,6.57785,5.88137,1.4339,1.1127,71,2611,1,4.0,4.0,6.0,6.0,17,30,30,"Simultaneous Action Selection
Team-Based Game
",Party,219.0,6.17797,94.6,,,,,,
Time's Up! Party Edition ,https://boardgamegeek.com/boardgame/230262/times-up-party-edition,3700,2004,478,7.54585,5.88031,1.33077,1.0909,11,1974,0,4.0,4.0,6.0,6.0,3,45,90,"Acting
Memory
Team-Based Game
",,,,,,,,,,
Mutabo ,https://boardgamegeek.com/boardgame/238094/mutabo,3716,2017,492,7.4878,5.87767,1.32827,1.0556,18,1965,0,4.0,6.0,5.0,6.0,12,25,45,"Command Cards
Cooperative Game
Paper-and-Pencil
Real-Time
Storytelling
",Party,176.0,6.29806,,,,,,,
Splito ,https://boardgamegeek.com/boardgame/359878/splito,3731,2022,957,6.72265,5.87828,1.20042,1.1739,23,5093,1,3.0,8.0,5.0,6.0,17,15,20,"Neighbor Scope
Simultaneous Action Selection
",Family,1124.0,5.98449,,,,,,,
Exploding Kittens ,https://boardgamegeek.com/boardgame/172225/exploding-kittens,3740,2015,34882,6.06256,5.87301,1.76027,1.0856,888,110717,2,3.0,5.0,4.0,5.0,369,15,15,"Hand Management
Hot Potato
Player Elimination
Push Your Luck
Set Collection
Take That
",Party,558.0,5.65628,18.22,,,,,,
Rolling Ranch ,https://boardgamegeek.com/boardgame/249673/rolling-ranch,3753,2019,976,6.71121,5.87222,1.2024,1.2222,18,4003,0,1.0,20.0,4.0,5.0,11,10,20,"Dice Rolling
Paper-and-Pencil
",Family,1152.0,5.976,,,,,,,
Dinosaur Tea Party ,https://boardgamegeek.com/boardgame/247160/dinosaur-tea-party,3770,2018,1527,6.43018,5.86971,1.49721,1.2083,24,6666,0,3.0,5.0,4.0,5.0,16,15,30,"Memory
Pattern Recognition
",Family,1221.0,5.94237,,,,,,,
Articulate! ,https://boardgamegeek.com/boardgame/6541/articulate,3786,1992,1562,6.52782,5.86797,1.53831,1.2623,61,3691,0,4.0,8.0,6.0,6.0,16,60,60,"Team-Based Game
",Party,307.0,5.99119,,,,,,,
Hive Mind ,https://boardgamegeek.com/boardgame/201308/hive-mind,3791,2016,671,7.12168,5.86736,1.43072,1.1,10,2764,0,4.0,9.0,6.0,6.0,6,30,90,"Cooperative Game
Paper-and-Pencil
",Party,190.0,6.25491,,,,,,,
Cockroach Salad ,https://boardgamegeek.com/boardgame/32341/cockroach-salad,3795,2007,3148,6.13728,5.86668,1.34892,1.1404,171,9949,4,3.0,6.0,4.0,5.0,42,10,20,"Pattern Recognition
Speed Matching
",Party,322.0,5.97529,,,,,,,
Magical Athlete ,https://boardgamegeek.com/boardgame/24565/magical-athlete,3800,2003,1166,6.55533,5.86671,1.51799,1.3165,79,3726,1,4.0,5.0,5.0,5.0,32,60,90,"Open Drafting
Race
Roll / Spin and Move
Variable Player Powers
",Family,1193.0,5.95588,,,,,,,
Wicked Witches Way ,https://boardgamegeek.com/boardgame/28025/wicked-witches-way,3822,2006,1521,6.38222,5.86264,1.25358,1.4663,163,3428,5,3.0,6.0,4.0,5.0,17,30,30,"Dice Rolling
Memory
Open Drafting
Pattern Recognition
Race
Simultaneous Action Selection
",Family,1208.0,5.9475,,,,,,,
Nuclear War ,https://boardgamegeek.com/boardgame/713/nuclear-war,3835,1965,2950,6.21507,5.86115,1.6889,1.4449,272,4811,0,3.0,6.0,6.0,6.0,35,60,60,"Action Queue
Hand Management
Take That
",Thematic,840.0,5.9127,,,,,,,
The Bucket King ,https://boardgamegeek.com/boardgame/3141/the-bucket-king,3865,2002,1603,6.33593,5.85812,1.23946,1.2316,190,7083,6,3.0,6.0,5.0,6.0,26,45,45,"Hand Management
Take That
",Family,1227.0,5.93929,,,,,,,
Slide 5 ,https://boardgamegeek.com/boardgame/31503/slide-5,3920,2007,1078,6.53776,5.85113,1.28447,1.2893,121,6076,1,4.0,10.0,5.0,6.0,25,30,30,"Hand Management
",Family,1219.0,5.94348,,,,,,,
Escape from the Hidden Castle ,https://boardgamegeek.com/boardgame/444/escape-from-the-hidden-castle,3972,1989,2087,6.24032,5.84459,1.50871,1.1337,172,9947,3,2.0,8.0,5.0,5.0,39,30,30,"Dice Rolling
Push Your Luck
Race
Roll / Spin and Move
Track Movement
",Children's,122.0,6.11703,,Family,1285.0,5.90909,,,
Dream Crush ,https://boardgamegeek.com/boardgame/315059/dream-crush,3975,2021,566,7.1067,5.84405,1.53037,1.25,4,1789,0,4.0,6.0,5.0,6.0,5,30,30,"Paper-and-Pencil
Role Playing
",,,,,,,,,,
Bring Your Own Book ,https://boardgamegeek.com/boardgame/173441/bring-your-own-book,3991,2015,833,6.75112,5.84172,1.43597,1.1,20,1807,2,3.0,8.0,5.0,6.0,9,20,20,"Hand Management
Player Judge
Simultaneous Action Selection
",Party,232.0,6.14934,,,,,,,
Family Business ,https://boardgamegeek.com/boardgame/170/family-business,3996,1982,4264,6.06866,5.84092,1.55634,1.3195,385,9046,1,3.0,6.0,5.0,6.0,40,30,30,"Hand Management
Player Elimination
Take That
",Thematic,939.0,5.83331,,Family,1454.0,5.83273,,,
Telestrations: 6 Player Family Pack ,https://boardgamegeek.com/boardgame/216798/telestrations-6-player-family-pack,4079,2014,491,7.33578,5.831,1.32672,1.0,10,2254,0,4.0,6.0,6.0,6.0,7,15,20,"Line Drawing
Paper-and-Pencil
",Party,196.0,6.23331,23.98,,,,,,
30 Seconds ,https://boardgamegeek.com/boardgame/25213/30-seconds,4101,2002,994,6.65405,5.82884,1.39922,1.1765,34,4353,1,4.0,10.0,6.0,6.0,17,30,30,"Action Timer
Real-Time
Roll / Spin and Move
Team-Based Game
",Party,304.0,5.99344,,,,,,,
America ,https://boardgamegeek.com/boardgame/192297/america,4124,2016,708,6.78296,5.82695,1.20312,1.1,10,2268,2,3.0,6.0,5.0,5.0,9,45,45,"Area Majority / Influence
",Party,217.0,6.17916,,,,,,,
Coyote ,https://boardgamegeek.com/boardgame/317981/coyote,4206,2020,691,6.8202,5.81833,1.27622,1.2,10,2513,1,3.0,5.0,4.0,5.0,7,15,25,"Betting and Bluffing
Player Elimination
",,,,,,,,,,
Black Stories ,https://boardgamegeek.com/boardgame/18803/black-stories,4268,2004,5094,5.99633,5.81072,1.57669,1.2642,212,17521,0,2.0,11.0,4.0,6.0,50,20,20,"Storytelling
",Party,403.0,5.85179,,,,,,,
Trial by Trolley ,https://boardgamegeek.com/boardgame/282171/trial-by-trolley,4312,2020,3401,6.07937,5.80679,1.65465,1.0339,59,6833,2,3.0,11.0,5.0,5.0,41,30,90,"Hand Management
Player Judge
Simultaneous Action Selection
",Party,407.0,5.84704,25.49,,,,,,
Rage ,https://boardgamegeek.com/boardgame/568/rage,4331,1983,2019,6.18209,5.8057,1.51648,1.4641,153,7925,0,3.0,8.0,5.0,6.0,28,45,45,"Hand Management
Trick-taking
",Family,1405.0,5.85683,,,,,,,
Hart an der Grenze ,https://boardgamegeek.com/boardgame/22237/hart-an-der-grenze,4344,2005,994,6.47504,5.80388,1.3522,1.4138,116,1618,4,4.0,6.0,5.0,6.0,20,40,40,"Hand Management
",Party,282.0,6.04829,,,,,,,
iKNOW ,https://boardgamegeek.com/boardgame/130680/iknow,4389,2012,1282,6.3806,5.80012,1.58819,1.413,46,3742,4,3.0,6.0,5.0,6.0,21,60,60,"Betting and Bluffing
",Party,338.0,5.95014,,,,,,,
Abandon Ship ,https://boardgamegeek.com/boardgame/41636/abandon-ship,4443,2008,1132,6.34727,5.79413,1.21792,1.2247,89,4172,2,3.0,7.0,4.0,5.0,27,30,30,"Area Movement
Dice Rolling
",Family,1371.0,5.87024,,,,,,,
Smile ,https://boardgamegeek.com/boardgame/227893/smile,4446,2017,814,6.59545,5.79395,1.27263,1.0909,11,3487,0,3.0,5.0,5.0,5.0,8,30,30,"Auction/Bidding
Closed Economy Auction
Increase Value of Unchosen Resources
Push Your Luck
",,,,,,,,,,
Clubs ,https://boardgamegeek.com/boardgame/125924/clubs,4456,2013,886,6.50766,5.79325,1.2764,1.4043,47,4632,1,2.0,6.0,4.0,6.0,15,30,30,"Ladder Climbing
Push Your Luck
",Family,1344.0,5.88334,,,,,,,
Gorus Maximus ,https://boardgamegeek.com/boardgame/253756/gorus-maximus,4462,2018,1080,6.41409,5.79304,1.51114,1.3684,19,3223,0,1.0,1.0,6.0,6.0,19,20,45,"Solo / Solitaire Game
Team-Based Game
Trick-taking
",Family,1393.0,5.86145,,,,,,,
Ship Shape: It's a Smuggler's Bounty! ,https://boardgamegeek.com/boardgame/255594/ship-shape-its-a-smugglers-bounty,4466,2019,598,6.82691,5.79269,1.29826,1.4444,9,2552,1,3.0,6.0,4.0,5.0,11,20,40,"Auction/Bidding
",,,,33.99,,,,,,
Bluff Jubiläumsausgabe ,https://boardgamegeek.com/boardgame/245136/bluff-jubilaumsausgabe,4497,2018,656,6.7777,5.78928,1.49871,1.1034,29,3465,0,3.0,6.0,4.0,6.0,15,30,30,"Dice Rolling
Player Elimination
",Party,290.0,6.02936,,,,,,,
Igloo Pop ,https://boardgamegeek.com/boardgame/8668/igloo-pop,4498,2003,1268,6.26441,5.78928,1.28046,1.0885,113,3925,3,2.0,6.0,4.0,5.0,17,15,20,"Betting and Bluffing
Simultaneous Action Selection
",Children's,98.0,6.18839,,Family,1388.0,5.86325,,,
Ravine ,https://boardgamegeek.com/boardgame/237728/ravine,4525,2017,1245,6.43262,5.7882,1.70248,1.1154,26,4213,0,3.0,6.0,5.0,6.0,11,15,20,"Cooperative Game
Player Elimination
Push Your Luck
Trading
",Family,1483.0,5.82377,,,,,,,
Sitting Ducks Gallery ,https://boardgamegeek.com/boardgame/17027/sitting-ducks-gallery,4537,2005,1995,6.15702,5.7866,1.47186,1.1073,177,6145,2,4.0,6.0,6.0,6.0,29,20,20,"Hand Management
Open Drafting
",Family,1485.0,5.82321,,,,,,,
Anno Domini: Erfindungen ,https://boardgamegeek.com/boardgame/3137/anno-domini-erfindungen,4590,1999,666,6.70473,5.78221,1.24169,1.4783,46,1075,1,3.0,8.0,4.0,6.0,12,30,30,,Party,288.0,6.0373,,,,,,,
Nicht die Bohne! ,https://boardgamegeek.com/boardgame/192/nicht-die-bohne,4616,1999,1089,6.32122,5.78055,1.50369,1.3486,109,3054,0,4.0,6.0,5.0,6.0,25,45,45,"Simultaneous Action Selection
Trading
",Family,1410.0,5.85409,,,,,,,
Voodoo ,https://boardgamegeek.com/boardgame/154880/voodoo,4621,2014,1560,6.29483,5.78006,1.57816,1.1628,43,0,0,3.0,6.0,4.0,5.0,14,30,30,"Acting
Dice Rolling
Hand Management
",Party,400.0,5.85958,,,,,,,
Exploding Kittens: Recipes for Disaster ,https://boardgamegeek.com/boardgame/343282/exploding-kittens-recipes-for-disaster,4651,2021,590,7.14206,5.77769,1.54159,1.2,10,2387,0,3.0,5.0,5.0,5.0,8,15,15,"Hand Management
Hot Potato
Player Elimination
Push Your Luck
",,,,,,,,,,
Wacky Races: The Board Game ,https://boardgamegeek.com/boardgame/256729/wacky-races-the-board-game,4660,2019,919,6.56059,5.7758,1.68448,1.2174,23,3058,0,1.0,6.0,4.0,6.0,21,20,20,"Hand Management
Modular Board
Race
Take That
Variable Player Powers
",Family,1446.0,5.83517,,,,,,,
Cabanga! ,https://boardgamegeek.com/boardgame/394889/cabanga,4687,2023,534,6.85095,5.77468,1.18877,1.0667,15,4103,1,4.0,6.0,4.0,5.0,12,20,20,,,,,,,,,,,
Nuclear Proliferation ,https://boardgamegeek.com/boardgame/1212/nuclear-proliferation,4722,1992,795,6.55838,5.76944,1.50823,1.4844,64,410,1,4.0,6.0,5.0,5.0,3,30,30,"Hand Management
Take That
Variable Player Powers
",Thematic,824.0,5.92835,,,,,,,
Ziegen Kriegen ,https://boardgamegeek.com/boardgame/31506/ziegen-kriegen,4730,2007,1411,6.1846,5.76915,1.25735,1.2195,123,6288,2,3.0,6.0,4.0,6.0,19,15,15,"Betting and Bluffing
Trick-taking
",Family,1432.0,5.8414,,,,,,,
Biss 20 ,https://boardgamegeek.com/boardgame/318195/biss-20,4752,2020,468,6.96136,5.76718,1.22843,1.25,12,2425,2,2.0,8.0,4.0,5.0,2,20,20,"Cooperative Game
Memory
",,,,,,,,,,
Smarty Party! ,https://boardgamegeek.com/boardgame/7062/smarty-party,4754,2003,673,6.59978,5.7676,1.49488,1.4026,77,3110,0,5.0,8.0,5.0,6.0,7,45,60,,Party,276.0,6.05678,22.4,,,,,,
Loco Motive ,https://boardgamegeek.com/boardgame/41052/loco-motive,4756,2009,856,6.43641,5.76701,1.37747,1.0833,48,2287,2,4.0,4.0,6.0,6.0,13,15,15,"Acting
Team-Based Game
",Party,295.0,6.02087,,,,,,,
Fool! ,https://boardgamegeek.com/boardgame/256802/fool,4797,2018,643,6.60935,5.76343,1.37524,1.1,10,2592,0,5.0,8.0,5.0,6.0,12,15,15,"Hand Management
Trick-taking
",,,,10.0,,,,,,
Gold Fever ,https://boardgamegeek.com/boardgame/234120/gold-fever,4813,2017,841,6.524,5.76449,1.56839,1.0556,18,9443,2,3.0,5.0,4.0,5.0,14,10,15,"Push Your Luck
Set Collection
",,,,,,,,,,
Paku Paku ,https://boardgamegeek.com/boardgame/214491/paku-paku,4827,2017,841,6.44752,5.7623,1.3937,1.0,10,4946,0,3.0,6.0,4.0,5.0,15,10,10,"Dice Rolling
Real-Time
",Party,327.0,5.96921,,,,,,,
"Going, Going, GONE! ",https://boardgamegeek.com/boardgame/144761/going-going-gone,4860,2013,1412,6.15322,5.75803,1.42647,1.25,48,3217,1,3.0,6.0,4.0,5.0,9,20,20,"Auction: Dexterity
Auction/Bidding
Real-Time
Set Collection
",Party,347.0,5.92977,,,,,,,
ito ,https://boardgamegeek.com/boardgame/327778/ito,4870,2019,412,7.11942,5.76003,1.53046,1.0833,12,2457,0,3.0,7.0,4.0,5.0,11,10,10,"Communication Limits
Cooperative Game
Deduction
Ordering
",Party,244.0,6.11568,,,,,,,
WINK ,https://boardgamegeek.com/boardgame/13507/wink,4873,1994,708,6.58007,5.75701,1.42099,1.1111,27,2090,0,5.0,8.0,6.0,6.0,9,20,20,"Targeted Clues
",Party,280.0,6.04962,,,,,,,
Harry Potter Strike Dice Game ,https://boardgamegeek.com/boardgame/300329/harry-potter-strike-dice-game,4898,2020,601,6.69323,5.7557,1.36699,1.1667,6,8506,0,3.0,5.0,4.0,5.0,6,15,15,"Dice Rolling
Player Elimination
",Family,1450.0,5.83431,,,,,,,
The Game of Things ,https://boardgamegeek.com/boardgame/10934/the-game-of-things,4926,2002,2438,6.07797,5.75218,1.62016,1.2065,92,3734,0,5.0,9.0,6.0,6.0,26,45,45,"Memory
Paper-and-Pencil
",Party,430.0,5.81651,18.86,,,,,,
The Same Game ,https://boardgamegeek.com/boardgame/396542/the-same-game,4964,2023,380,7.15324,5.75233,1.41022,1.1111,9,2008,1,3.0,6.0,5.0,5.0,8,30,45,"Communication Limits
Cooperative Game
",,,,,,,,,,
"But Wait, There's More! ",https://boardgamegeek.com/boardgame/114438/but-wait-theres-more,4968,2011,576,6.67563,5.74998,1.52103,1.0909,22,1261,0,3.0,8.0,5.0,5.0,4,30,30,"Acting
Storytelling
",Party,286.0,6.03933,,,,,,,
Side Effects ,https://boardgamegeek.com/boardgame/230765/side-effects,4970,2017,681,6.7944,5.75025,1.68588,1.1667,18,2540,0,3.0,8.0,5.0,6.0,10,10,30,"Take That
",,,,,,,,,,
Giro Galoppo ,https://boardgamegeek.com/boardgame/21985/giro-galoppo,4988,2006,590,6.6672,5.74877,1.28277,1.1918,73,2861,5,3.0,5.0,4.0,5.0,18,30,30,,Children's,56.0,6.41273,,Family,1478.0,5.82512,,,
